{
	"description": "项目配置文件",
	"packOptions": {
		"ignore": []
	},
	"setting": {
		"urlCheck": true,
		"es6": true,
		"postcss": true,
		"minified": true,
		"newFeature": true,
		"autoAudits": false
	},
	"compileType": "miniprogram",
	"libVersion": "2.6.1",
	"appid": "wx5dacab05539efeef",
	"projectname": "%E5%B7%A8%E5%90%89%E7%89%A9%E6%B5%81",
	"debugOptions": {
		"hidedInDevtools": []
	},
	"isGameTourist": false,
	"condition": {
		"search": {
			"current": -1,
			"list": []
		},
		"conversation": {
			"current": -1,
			"list": []
		},
		"plugin": {
			"current": -1,
			"list": []
		},
		"game": {
			"currentL": -1,
			"list": []
		},
		"miniprogram": {
			"current": 3,
			"list": [
				{
					"id": -1,
					"name": "map",
					"pathName": "jujiwuliu/pages/common/map/index",
					"query": ""
				},
				{
					"id": -1,
					"name": "issuser_index",
					"pathName": "jujiwuliu/pages/issuer/index/index",
					"query": ""
				},
				{
					"id": -1,
					"name": "personal_data",
					"pathName": "jujiwuliu/pages/common/user/personal_data/index",
					"query": ""
				},
				{
					"id": -1,
					"name": "publish_edit",
					"pathName": "jujiwuliu/pages/issuer/publish/detail/index",
					"query": "issuer_id=41"
				}
			]
		}
	}
}